{
  "ImageID": "overall_mean",
  "CategoryRelevance": {
    "CoreCulturalUnderstanding": 20.511111111111113,
    "SensitivityModeration": 29.844444444444445,
    "RegionalLinguisticAdaptation": 10.71111111111111,
    "HumorViralDynamics": 24.466666666666665,
    "AdvancedInsightEmpathy": 14.688888888888888
  },
  "SubpromptRelevance": {
    "CoreCulturalUnderstanding": {
      "general": 9.833333333333334,
      "india": 5.211111111111111,
      "china": 3.2777777777777777,
      "regionalInterpretation": 1.3,
      "humorType": 1.1333333333333333
    },
    "SensitivityModeration": {
      "tabooDetection": 9.71111111111111,
      "censorshipPrediction": 9.822222222222223,
      "moderationThreshold": 5.2,
      "communitySentiment": 5.0
    },
    "RegionalLinguisticAdaptation": {
      "iconography": 4.088888888888889,
      "dialectRendering": 2.911111111111111,
      "formatAppropriateness": 2.2,
      "localizationSuggestion": 1.288888888888889
    },
    "HumorViralDynamics": {
      "politicalAlignment": 9.38888888888889,
      "formatFit": 4.933333333333334,
      "emotionalImpact": 4.9,
      "crossCulturalRisk": 4.911111111111111
    },
    "AdvancedInsightEmpathy": {
      "audienceAppropriateness": 9.11111111111111,
      "biasMitigation": 3.1777777777777776,
      "politicalAlignmentAdvanced": 2.1333333333333333
    }
  }
}